from_node,to_node,distance,x_from,y_from,z_from,x_to,y_to,z_to
76466,101982,1094.068,-5196.171,4617.086,2.973,-5374.425,4400.001,0.884
76466,108184,1327.812,-5196.171,4617.086,2.973,-4970.485,4444.468,2.489
76466,65158,1973.917,-5196.171,4617.086,2.973,-4790.361,4818.27,3.836
41905,55798,351.721,-3005.399,-4094.478,13.722,-3022.87,-4180.655,17.192
41905,35431,351.626,-3005.399,-4094.478,13.722,-2962.955,-4017.497,10.204
43015,49242,351.997,-4241.72,-640.481,0.476,-4329.711,-639.279,0.5
43015,42544,352.0,-4241.72,-640.481,0.476,-4154.453,-629.146,0.45
43015,21112,703.986,-4241.72,-640.481,0.476,-4154.22,-546.182,2.752
42544,21112,331.857,-4154.453,-629.146,0.45,-4154.22,-546.182,2.752
42544,42582,247.13,-4154.453,-629.146,0.45,-4065.863,-594.608,0.763
43365,21112,255.652,-4090.736,-538.789,2.236,-4154.22,-546.182,2.752
43365,42876,615.516,-4090.736,-538.789,2.236,-4112.027,-386.39,1.6
43365,28343,96.472,-4090.736,-538.789,2.236,-4066.653,-537.492,2.167
21112,43343,704.0,-4154.22,-546.182,2.752,-4184.634,-403.659,2.762
42876,43343,298.53,-4112.027,-386.39,1.6,-4184.634,-403.659,2.762
42876,43509,460.268,-4112.027,-386.39,1.6,-3967.96,-365.799,0.644
43343,43103,120.912,-4184.634,-403.659,2.762,-4193.084,-374.636,1.953
35431,35802,369.278,-2962.955,-4017.497,10.204,-3022.073,-3946.589,6.599
35431,34949,351.902,-2962.955,-4017.497,10.204,-2900.09,-3955.953,6.145
34949,34671,352.0,-2900.09,-3955.953,6.145,-2831.563,-3900.744,4.087
34949,35258,352.336,-2900.09,-3955.953,6.145,-2956.303,-3888.138,5.745
35802,81704,352.0,-3022.073,-3946.589,6.599,-3098.368,-3902.736,2.455
35802,35258,351.959,-3022.073,-3946.589,6.599,-2956.303,-3888.138,5.745
35258,47687,115.042,-2956.303,-3888.138,5.745,-2933.274,-3870.909,5.185
34671,34911,351.966,-2831.563,-3900.744,4.087,-2887.718,-3833.001,4.45
34671,35763,163.523,-2831.563,-3900.744,4.087,-2806.95,-3933.385,4.615
47687,34911,237.061,-2933.274,-3870.909,5.185,-2887.718,-3833.001,4.45
47687,43593,976.13,-2933.274,-3870.909,5.185,-2849.646,-3749.322,2.474
35763,35718,452.419,-2806.95,-3933.385,4.615,-2734.4,-3846.614,2.912
35763,35749,728.977,-2806.95,-3933.385,4.615,-2665.32,-3903.792,2.462
34911,35285,352.002,-2887.718,-3833.001,4.45,-2826.544,-3769.741,3.287
35749,35718,358.695,-2665.32,-3903.792,2.462,-2734.4,-3846.614,2.912
35749,34506,173.662,-2665.32,-3903.792,2.462,-2629.561,-3879.171,2.268
35718,35822,262.555,-2734.4,-3846.614,2.912,-2692.355,-3796.209,2.77
35718,35285,480.0,-2734.4,-3846.614,2.912,-2826.544,-3769.741,3.287
34506,34507,352.002,-2629.561,-3879.171,2.268,-2682.439,-3808.829,2.75
34506,35082,229.117,-2629.561,-3879.171,2.268,-2582.508,-3846.507,2.341
34506,34509,1055.988,-2629.561,-3879.171,2.268,-2556.268,-3830.465,2.363
43593,35285,123.33,-2849.646,-3749.322,2.474,-2826.544,-3769.741,3.287
43593,35699,281.818,-2849.646,-3749.322,2.474,-2785.961,-3714.057,1.587
35285,35699,275.614,-2826.544,-3769.741,3.287,-2785.961,-3714.057,1.587
34515,35699,211.544,-2743.196,-3745.171,2.409,-2785.961,-3714.057,1.587
34515,35822,288.158,-2743.196,-3745.171,2.409,-2692.355,-3796.209,2.77
34515,34826,352.001,-2743.196,-3745.171,2.409,-2690.256,-3674.876,1.2
35822,34507,64.199,-2692.355,-3796.209,2.77,-2682.439,-3808.829,2.75
35082,34509,123.021,-2582.508,-3846.507,2.341,-2556.268,-3830.465,2.363
35082,35650,330.829,-2582.508,-3846.507,2.341,-2628.005,-3777.438,1.522
34507,35650,251.347,-2682.439,-3808.829,2.75,-2628.005,-3777.438,1.522
35650,34826,479.903,-2628.005,-3777.438,1.522,-2690.256,-3674.876,1.2
35650,35552,480.001,-2628.005,-3777.438,1.522,-2528.003,-3711.108,1.4
35552,35186,351.999,-2528.003,-3711.108,1.4,-2480.725,-3785.329,1.35
35552,35023,580.904,-2528.003,-3711.108,1.4,-2643.011,-3600.644,2.068
34826,35023,351.965,-2690.256,-3674.876,1.2,-2643.011,-3600.644,2.068
35023,55425,863.965,-2643.011,-3600.644,2.068,-2556.23,-3454.882,1.438
34509,35186,352.0,-2556.268,-3830.465,2.363,-2480.725,-3785.329,1.35
55425,56205,64.802,-2556.23,-3454.882,1.438,-2569.035,-3444.958,1.438
55425,43082,2462.535,-2556.23,-3454.882,1.438,-2077.852,-3134.314,3.23
43082,61447,564.132,-2077.852,-3134.314,3.23,-1974.525,-3046.212,3.533
92247,87414,266.062,-3671.317,-2959.186,2.428,-3611.065,-2987.364,4.262
92247,94711,364.66,-3671.317,-2959.186,2.428,-3747.133,-2908.55,1.458
94711,90445,269.207,-3747.133,-2908.55,1.458,-3802.697,-2870.574,0.878
83153,90445,79.853,-3819.179,-2859.31,0.7,-3802.697,-2870.574,0.878
90445,98151,4565.356,-3802.697,-2870.574,0.878,-3510.52,-1836.209,5.53
32748,48793,4203.623,-2068.903,-2156.153,2.95,-2957.007,-1900.687,5.06
32748,55320,1143.219,-2068.903,-2156.153,2.95,-1918.65,-1889.503,2.025
32748,34391,2423.399,-2068.903,-2156.153,2.95,-1582.901,-2533.917,4.717
61447,9640,100.001,-1974.525,-3046.212,3.533,-1982.271,-3022.442,3.533
61447,56783,1783.625,-1974.525,-3046.212,3.533,-1562.119,-2818.712,5.797
56783,34391,1146.547,-1562.119,-2818.712,5.797,-1582.901,-2533.917,4.717
56783,50034,269.284,-1562.119,-2818.712,5.797,-1494.085,-2764.494,2.85
34391,50032,706.325,-1582.901,-2533.917,4.717,-1422.537,-2635.143,3.15
37978,50034,565.349,-1347.047,-2830.336,3.819,-1494.085,-2764.494,2.85
37978,48450,451.926,-1347.047,-2830.336,3.819,-1217.289,-2772.666,3.716
50034,50032,591.284,-1494.085,-2764.494,2.85,-1422.537,-2635.143,3.15
50032,38846,3495.404,-1422.537,-2635.143,3.15,-802.285,-2062.559,6.493
38846,11430,103.636,-802.285,-2062.559,6.493,-782.023,-2046.412,6.45
38846,38845,40.801,-802.285,-2062.559,6.493,-808.642,-2054.582,6.493
11430,57010,127.325,-782.023,-2046.412,6.45,-759.476,-2023.943,6.412
11430,66809,3977.167,-782.023,-2046.412,6.45,-563.174,-1356.868,7.168
41047,34977,351.989,-481.336,-2072.073,5.469,-497.87,-2158.503,6.85
41047,40038,351.973,-481.336,-2072.073,5.469,-464.802,-1985.647,6.2
98151,92292,171.673,-3510.52,-1836.209,5.53,-3515.356,-1793.564,3.693
98151,48793,2228.019,-3510.52,-1836.209,5.53,-2957.007,-1900.687,5.06
101862,92292,76.002,-3534.258,-1795.496,3.693,-3515.356,-1793.564,3.693
92292,27631,2546.076,-3515.356,-1793.564,3.693,-3239.625,-1305.278,0.862
27631,48793,2704.785,-3239.625,-1305.278,0.862,-2957.007,-1900.687,5.06
27631,55754,8427.261,-3239.625,-1305.278,0.862,-1739.421,-733.946,3.079
27631,43252,3202.946,-3239.625,-1305.278,0.862,-3717.236,-732.866,0.5
43252,64583,352.0,-3717.236,-732.866,0.5,-3771.721,-801.97,0.15
43252,47124,216.342,-3717.236,-732.866,0.5,-3760.642,-700.599,0.429
28343,42582,228.486,-4066.653,-537.492,2.167,-4065.863,-594.608,0.763
28343,41913,351.994,-4066.653,-537.492,2.167,-3978.677,-539.478,1.476
42105,41913,249.36,-3974.575,-601.683,0.45,-3978.677,-539.478,1.476
42105,42582,366.247,-3974.575,-601.683,0.45,-4065.863,-594.608,0.763
42105,41911,352.0,-3974.575,-601.683,0.45,-3888.108,-618.037,0.45
41913,41908,352.0,-3978.677,-539.478,1.476,-3891.179,-530.091,2.096
41913,43509,696.037,-3978.677,-539.478,1.476,-3967.96,-365.799,0.644
41908,41911,351.998,-3891.179,-530.091,2.096,-3888.108,-618.037,0.45
41908,42759,704.0,-3891.179,-530.091,2.096,-3716.395,-522.133,4.217
41908,41915,704.006,-3891.179,-530.091,2.096,-3937.945,-360.483,0.6
41911,43058,471.833,-3888.108,-618.037,0.45,-3788.583,-681.353,0.4
47124,43058,135.712,-3760.642,-700.599,0.429,-3788.583,-681.353,0.4
47124,42421,48.801,-3760.642,-700.599,0.429,-3753.582,-690.649,0.429
43058,42759,703.992,-3788.583,-681.353,0.4,-3716.395,-522.133,4.217
42759,42943,351.853,-3716.395,-522.133,4.217,-3629.876,-538.008,9.306
43509,41915,121.929,-3967.96,-365.799,0.644,-3937.945,-360.483,0.6
41915,42397,704.006,-3937.945,-360.483,0.6,-3777.463,-291.337,1.035
42397,42653,351.988,-3777.463,-291.337,1.035,-3710.294,-234.488,1.592
55320,50674,487.986,-1918.65,-1889.503,2.025,-1815.44,-1851.478,2.15
50674,26080,48.033,-1815.44,-1851.478,2.15,-1804.172,-1847.327,2.15
57010,56879,64.806,-759.476,-2023.943,6.412,-772.066,-2013.746,6.412
57010,48059,588.736,-759.476,-2023.943,6.412,-669.099,-1946.564,6.314
45482,101972,351.987,-741.448,-1843.128,6.9,-827.877,-1826.592,6.3
45482,47384,351.99,-741.448,-1843.128,6.9,-655.018,-1859.663,6.103
45482,89803,351.995,-741.448,-1843.128,6.9,-724.953,-1756.689,4.906
48059,57118,351.521,-669.099,-1946.564,6.314,-582.784,-1963.077,5.906
48059,47384,352.138,-669.099,-1946.564,6.314,-655.018,-1859.663,6.103
40038,39767,351.994,-464.802,-1985.647,6.2,-448.267,-1899.216,7.289
40038,57118,256.968,-464.802,-1985.647,6.2,-582.784,-1963.077,5.906
57118,48020,351.993,-582.784,-1963.077,5.906,-566.13,-1876.669,5.5
47384,32076,352.136,-655.018,-1859.663,6.103,-640.939,-1772.762,5.892
47384,48020,362.001,-655.018,-1859.663,6.103,-566.13,-1876.669,5.5
32076,40861,148.016,-640.939,-1772.762,5.892,-604.594,-1779.715,6.15
32076,89803,407.962,-640.939,-1772.762,5.892,-724.953,-1756.689,4.906
48020,57163,352.001,-566.13,-1876.669,5.5,-549.513,-1790.252,5.885
48020,39767,480.001,-566.13,-1876.669,5.5,-448.267,-1899.216,7.289
13303,57163,127.666,-518.165,-1796.249,5.9,-549.513,-1790.252,5.885
13303,39768,351.998,-518.165,-1796.249,5.9,-431.733,-1812.784,6.708
13303,55559,960.002,-518.165,-1796.249,5.9,-485.096,-1623.387,5.752
89803,75354,213.8,-724.953,-1756.689,4.906,-777.451,-1746.646,4.75
41358,68077,480.002,-588.059,-1693.282,5.75,-705.922,-1670.734,4.846
41358,40861,352.002,-588.059,-1693.282,5.75,-604.594,-1779.715,6.15
41358,41638,351.998,-588.059,-1693.282,5.75,-571.524,-1606.85,5.88
57163,40861,224.319,-549.513,-1790.252,5.885,-604.594,-1779.715,6.15
55559,41638,351.983,-485.096,-1623.387,5.752,-571.524,-1606.85,5.88
55559,41115,352.002,-485.096,-1623.387,5.752,-398.663,-1639.922,4.846
39767,39768,351.997,-448.267,-1899.216,7.289,-431.733,-1812.784,6.708
39767,40863,703.996,-448.267,-1899.216,7.289,-275.409,-1932.285,5.82
39768,40039,351.994,-431.733,-1812.784,6.708,-415.198,-1726.353,6.15
39768,41533,447.998,-431.733,-1812.784,6.708,-258.868,-1845.855,6.957
41533,40863,351.994,-258.868,-1845.855,6.957,-275.409,-1932.285,5.82
41533,41168,351.998,-258.868,-1845.855,6.957,-242.333,-1759.423,7.762
44884,54929,351.997,-188.977,-1948.82,5.541,-102.545,-1965.354,5.8
44884,40863,351.998,-188.977,-1948.82,5.541,-275.409,-1932.285,5.82
41168,41464,351.907,-242.333,-1759.423,7.762,-155.923,-1775.953,6.5
41168,40039,703.996,-242.333,-1759.423,7.762,-415.198,-1726.353,6.15
40039,41115,351.994,-415.198,-1726.353,6.15,-398.663,-1639.922,4.846
41115,38425,351.961,-398.663,-1639.922,4.846,-382.13,-1553.499,5.775
38425,93410,351.998,-382.13,-1553.499,5.775,-295.698,-1570.034,6.348
38425,64145,351.981,-382.13,-1553.499,5.775,-365.596,-1467.071,5.452
41464,49037,351.965,-155.923,-1775.953,6.5,-69.499,-1792.487,6.45
66809,56780,787.829,-563.174,-1356.868,7.168,-643.676,-1178.755,5.281
66809,41638,1053.288,-563.174,-1356.868,7.168,-571.524,-1606.85,5.88
66809,10077,1571.211,-563.174,-1356.868,7.168,-362.704,-1070.357,4.08
56780,18253,229.918,-643.676,-1178.755,5.281,-629.69,-1123.003,5.576
55996,57013,307.806,-710.54,-994.984,5.147,-635.821,-1013.385,4.11
55996,56931,79.178,-710.54,-994.984,5.147,-718.596,-976.903,5.168
55996,18253,796.567,-710.54,-994.984,5.147,-629.69,-1123.003,5.576
56970,57013,509.156,-517.651,-1060.587,2.048,-635.821,-1013.385,4.11
56970,10077,615.015,-517.651,-1060.587,2.048,-362.704,-1070.357,4.08
10077,55404,3095.142,-362.704,-1070.357,4.08,302.97,-770.959,3.178
55754,54050,84.002,-1739.421,-733.946,3.079,-1744.504,-713.57,3.079
55754,56931,4601.056,-1739.421,-733.946,3.079,-718.596,-976.903,5.168
56931,33851,1338.707,-718.596,-976.903,5.168,-743.542,-689.487,3.828
64896,62894,83.999,-653.611,-663.588,4.859,-663.176,-644.893,4.859
64896,60661,88.118,-653.611,-663.588,4.859,-634.471,-652.681,5.15
64896,33851,288.262,-653.611,-663.588,4.859,-743.542,-689.487,3.828
33851,33582,8008.176,-743.542,-689.487,3.828,-972.03,1197.131,4.271
48836,46930,351.996,1646.44,-5733.027,3.95,1583.836,-5794.87,6.45
48836,38938,703.998,1646.44,-5733.027,3.95,1787.433,-5629.04,3.0
38938,21748,351.998,1787.433,-5629.04,3.0,1733.589,-5559.436,1.9
38938,38937,352.004,1787.433,-5629.04,3.0,1868.567,-5594.96,2.829
38938,6909,703.998,1787.433,-5629.04,3.0,1911.337,-5749.431,3.29
6909,70292,112.885,1911.337,-5749.431,3.29,1922.708,-5723.602,3.248
6909,33360,703.968,1911.337,-5749.431,3.29,2031.765,-5792.792,3.76
38937,70292,558.283,1868.567,-5594.96,2.829,1922.708,-5723.602,3.248
38937,39167,675.001,1868.567,-5594.96,2.829,1819.605,-5433.469,2.7
38937,38945,351.998,1868.567,-5594.96,2.829,1946.941,-5554.942,4.244
70292,80635,478.292,1922.708,-5723.602,3.248,1986.188,-5619.786,4.84
59851,117372,352.0,1578.764,-5476.224,2.75,1526.166,-5546.775,3.5
59851,110543,352.0,1578.764,-5476.224,2.75,1503.351,-5430.871,1.95
59851,39501,351.989,1578.764,-5476.224,2.75,1658.264,-5513.95,2.55
21748,39501,351.973,1733.589,-5559.436,1.9,1658.264,-5513.95,2.55
21748,39167,610.134,1733.589,-5559.436,1.9,1819.605,-5433.469,2.7
39501,39267,848.343,1658.264,-5513.95,2.55,1769.819,-5360.907,0.2
39267,39167,351.997,1769.819,-5360.907,0.2,1819.605,-5433.469,2.7
39267,58460,351.999,1769.819,-5360.907,0.2,1837.971,-5305.236,0.311
38945,39143,351.997,1946.941,-5554.942,4.244,1883.371,-5494.092,2.55
38945,80635,303.185,1946.941,-5554.942,4.244,1986.188,-5619.786,4.84
38945,39103,351.953,1946.941,-5554.942,4.244,2023.652,-5511.845,3.134
49577,39103,351.998,2060.134,-5591.926,4.843,2023.652,-5511.845,3.134
49577,91401,242.541,2060.134,-5591.926,4.843,2084.128,-5647.612,4.721
49577,80635,437.246,2060.134,-5591.926,4.843,1986.188,-5619.786,4.84
39103,43569,414.132,2023.652,-5511.845,3.134,1946.45,-5442.86,0.7
43569,39143,325.052,1946.45,-5442.86,0.7,1883.371,-5494.092,2.55
43569,39167,704.002,1946.45,-5442.86,0.7,1819.605,-5433.469,2.7
39167,39143,351.938,1819.605,-5433.469,2.7,1883.371,-5494.092,2.55
58044,33360,618.464,2155.725,-5786.288,0.881,2031.765,-5792.792,3.76
58044,91401,218.922,2155.725,-5786.288,0.881,2084.128,-5647.612,4.721
58044,69029,6475.236,2155.725,-5786.288,0.881,3499.5,-5014.724,1.869
33360,91401,617.338,2031.765,-5792.792,3.76,2084.128,-5647.612,4.721
69029,66709,118.898,3499.5,-5014.724,1.869,3528.705,-5009.191,1.402
69029,71639,64.8,3499.5,-5014.724,1.869,3503.126,-5030.513,1.869
66709,80123,99.999,3528.705,-5009.191,1.402,3533.669,-5033.693,1.402
66709,74715,5344.895,3528.705,-5009.191,1.402,4255.396,-4098.526,2.671
74715,75305,657.795,4255.396,-4098.526,2.671,4247.866,-3935.533,3.969
37294,75766,1939.344,5945.193,-4595.226,4.659,6194.675,-5006.144,5.412
37294,49415,1610.113,5945.193,-4595.226,4.659,5608.383,-4593.43,2.411
37294,58327,465.376,5945.193,-4595.226,4.659,5850.706,-4486.881,3.449
37294,67984,1981.002,5945.193,-4595.226,4.659,6166.275,-4165.103,5.605
49415,44728,703.998,5608.383,-4593.43,2.411,5561.72,-4423.818,1.909
49415,45035,840.824,5608.383,-4593.43,2.411,5474.911,-4438.246,0.934
45035,44728,351.999,5474.911,-4438.246,0.934,5561.72,-4423.818,1.909
45035,63340,785.126,5474.911,-4438.246,0.934,5420.709,-4249.676,0.882
88281,44728,215.468,5613.115,-4407.687,2.056,5561.72,-4423.818,1.909
88281,45087,439.529,5613.115,-4407.687,2.056,5687.936,-4488.16,1.9
88281,44371,703.93,5613.115,-4407.687,2.056,5715.797,-4341.983,1.55
44728,45059,352.0,5561.72,-4423.818,1.909,5546.433,-4337.156,2.879
75279,63340,556.97,5330.268,-4163.732,0.522,5420.709,-4249.676,0.882
75279,50320,1692.72,5330.268,-4163.732,0.522,4932.614,-3956.913,0.931
75279,45165,1108.935,5330.268,-4163.732,0.522,5562.054,-4027.176,9.591
45059,45277,600.98,5546.433,-4337.156,2.879,5695.436,-4317.877,1.614
45059,45245,465.192,5546.433,-4337.156,2.879,5524.103,-4223.022,2.224
63340,45245,328.034,5420.709,-4249.676,0.882,5524.103,-4223.022,2.224
45245,44383,88.877,5524.103,-4223.022,2.224,5545.528,-4217.134,2.58
44383,89332,480.002,5545.528,-4217.134,2.58,5513.265,-4101.552,5.613
44383,23928,351.999,5545.528,-4217.134,2.58,5629.156,-4189.742,4.05
23928,44692,351.905,5629.156,-4189.742,4.05,5597.356,-4107.714,7.4
23928,43090,214.593,5629.156,-4189.742,4.05,5649.899,-4239.218,2.877
45087,91762,351.999,5687.936,-4488.16,1.9,5747.901,-4552.566,2.972
45087,44375,479.998,5687.936,-4488.16,1.9,5775.762,-4406.389,3.088
58327,44382,87.972,5850.706,-4486.881,3.449,5835.719,-4470.785,3.45
58327,91386,48.802,5850.706,-4486.881,3.449,5859.635,-4478.567,3.449
44382,44591,351.999,5835.719,-4470.785,3.45,5770.509,-4529.875,3.2
44382,81906,225.08,5835.719,-4470.785,3.45,5797.375,-4429.602,3.187
44371,44375,351.999,5715.797,-4341.983,1.55,5775.762,-4406.389,3.088
44371,45277,126.217,5715.797,-4341.983,1.55,5695.436,-4317.877,1.614
44371,44370,352.001,5715.797,-4341.983,1.55,5780.203,-4282.017,2.8
44375,81906,126.868,5775.762,-4406.389,3.088,5797.375,-4429.602,3.187
81906,56474,352.004,5797.375,-4429.602,3.187,5861.974,-4369.843,4.35
56474,64450,479.962,5861.974,-4369.843,4.35,5943.739,-4457.662,4.488
56474,44370,479.998,5861.974,-4369.843,4.35,5780.203,-4282.017,2.8
56474,89262,351.965,5861.974,-4369.843,4.35,5926.374,-4309.884,4.669
44370,49383,479.998,5780.203,-4282.017,2.8,5698.432,-4194.191,4.163
44370,8864,351.965,5780.203,-4282.017,2.8,5844.603,-4222.058,3.997
45277,43090,453.044,5695.436,-4317.877,1.614,5649.899,-4239.218,2.877
8864,89262,479.998,5844.603,-4222.058,3.997,5926.374,-4309.884,4.669
8864,44893,351.964,5844.603,-4222.058,3.997,5909.002,-4162.098,6.7
8864,57602,704.002,5844.603,-4222.058,3.997,5763.271,-4133.912,8.394
57602,45339,224.268,5763.271,-4133.912,8.394,5727.752,-4090.531,12.647
57602,49383,354.122,5763.271,-4133.912,8.394,5698.432,-4194.191,4.163
49383,43090,264.813,5698.432,-4194.191,4.163,5649.899,-4239.218,2.877
42133,44893,679.553,5783.518,-4047.574,17.694,5909.002,-4162.098,6.7
42133,45339,281.571,5783.518,-4047.574,17.694,5727.752,-4090.531,12.647
42133,71344,209.96,5783.518,-4047.574,17.694,5825.101,-4015.542,20.364
89262,44893,959.996,5926.374,-4309.884,4.669,5909.002,-4162.098,6.7
44893,75352,320.002,5909.002,-4162.098,6.7,5992.189,-4117.245,5.38
75352,67984,648.375,5992.189,-4117.245,5.38,6166.275,-4165.103,5.605
75352,71344,803.26,5992.189,-4117.245,5.38,5825.101,-4015.542,20.364
12467,71995,475.989,6222.0,-5256.0,3.35,6317.198,-5184.602,3.35
71995,75766,799.669,6317.198,-5184.602,3.35,6194.675,-5006.144,5.412
75765,75766,100.001,6217.439,-4995.809,5.412,6194.675,-5006.144,5.412
67984,75744,1601.385,6166.275,-4165.103,5.605,6537.711,-4103.928,6.668
69185,75744,100.0,6551.339,-4124.887,6.668,6537.711,-4103.928,6.668
51124,75422,680.173,2054.065,-2480.529,5.359,1952.817,-2346.578,5.39
51124,61520,2332.522,2054.065,-2480.529,5.359,2470.077,-2856.9,5.418
75422,56369,3980.085,1952.817,-2346.578,5.39,1475.133,-1614.343,5.127
74954,50287,4155.312,2721.473,-3194.063,6.349,3480.022,-2506.361,2.031
74954,81899,762.268,2721.473,-3194.063,6.349,2589.095,-3081.114,5.955
61520,63218,4603.678,2470.077,-2856.9,5.418,2706.214,-1776.223,1.215
61520,81899,1026.523,2470.077,-2856.9,5.418,2589.095,-3081.114,5.955
50287,84550,627.702,3480.022,-2506.361,2.031,3420.358,-2402.323,2.289
50287,88651,2432.638,3480.022,-2506.361,2.031,3780.942,-2074.373,5.268
50287,56353,6910.973,3480.022,-2506.361,2.031,4266.049,-3773.065,4.839
84550,65802,120.007,3420.358,-2402.323,2.289,3408.877,-2374.605,2.534
65802,68963,424.838,3408.877,-2374.605,2.534,3376.73,-2296.997,2.352
68963,83737,285.763,3376.73,-2296.997,2.352,3343.961,-2233.515,2.12
68963,68157,100.001,3376.73,-2296.997,2.352,3399.827,-2287.429,2.352
37306,83737,302.083,3302.059,-2170.685,0.853,3343.961,-2233.515,2.12
37306,21491,2209.492,3302.059,-2170.685,0.853,3032.297,-1743.764,2.95
88651,21491,3243.701,3780.942,-2074.373,5.268,3032.297,-1743.764,2.95
88651,88331,3666.133,3780.942,-2074.373,5.268,4412.168,-2581.584,7.274
38895,56369,322.174,1541.971,-1540.03,2.483,1475.133,-1614.343,5.127
38895,73047,722.926,1541.971,-1540.03,2.483,1711.679,-1469.221,2.009
73047,60238,1939.528,1711.679,-1469.221,2.009,2054.301,-1203.403,1.751
60238,56664,6016.728,2054.301,-1203.403,1.751,1364.157,134.383,1.361
60238,70218,707.765,2054.301,-1203.403,1.751,2187.284,-1102.359,1.306
60238,47524,2169.083,2054.301,-1203.403,1.751,2318.776,-1656.538,2.969
55404,50022,83.999,302.97,-770.959,3.178,311.783,-790.02,3.178
33163,56664,1053.791,1229.343,-83.441,0.8,1364.157,134.383,1.361
33163,60320,4793.832,1229.343,-83.441,0.8,901.524,792.757,1.802
47524,65229,83.998,2318.776,-1656.538,2.969,2300.531,-1666.935,2.969
47524,63218,1675.738,2318.776,-1656.538,2.969,2706.214,-1776.223,1.215
63218,21491,1313.837,2706.214,-1776.223,1.215,3032.297,-1743.764,2.95
63218,72228,3731.214,2706.214,-1776.223,1.215,2433.875,-938.357,1.685
21491,19013,639.998,3032.297,-1743.764,2.95,2985.94,-1593.032,2.397
19013,110294,2004.486,2985.94,-1593.032,2.397,3250.907,-1162.802,10.419
19013,70084,961.182,2985.94,-1593.032,2.397,3002.554,-1327.765,3.126
70218,75219,628.741,2187.284,-1102.359,1.306,2337.711,-1027.564,0.85
75219,72228,509.078,2337.711,-1027.564,0.85,2433.875,-938.357,1.685
78554,40202,625.022,2605.516,-1368.312,3.55,2689.83,-1236.756,1.9
78554,66188,489.702,2605.516,-1368.312,3.55,2727.348,-1356.271,1.5
78554,61177,970.718,2605.516,-1368.312,3.55,2684.083,-1481.516,3.074
78554,40783,496.996,2605.516,-1368.312,3.55,2566.138,-1250.468,1.3
61177,66188,674.604,2684.083,-1481.516,3.074,2727.348,-1356.271,1.5
61177,41885,695.346,2684.083,-1481.516,3.074,2846.471,-1419.47,3.4
41885,37130,479.993,2846.471,-1419.47,3.4,2895.089,-1309.762,3.02
41885,66188,539.4,2846.471,-1419.47,3.4,2727.348,-1356.271,1.5
40783,23414,351.997,2566.138,-1250.468,1.3,2621.128,-1181.766,1.188
40783,39930,1519.636,2566.138,-1250.468,1.3,2662.397,-989.381,2.53
66188,40536,281.751,2727.348,-1356.271,1.5,2766.505,-1297.72,1.407
40536,63233,168.381,2766.505,-1297.72,1.407,2790.032,-1262.813,2.022
40536,40202,391.83,2766.505,-1297.72,1.407,2689.83,-1236.756,1.9
37130,63233,460.281,2895.089,-1309.762,3.02,2790.032,-1262.813,2.022
37130,39584,480.0,2895.089,-1309.762,3.02,2943.707,-1200.052,2.316
109947,70084,157.528,3011.223,-1289.349,3.055,3002.554,-1327.765,3.126
109947,39595,246.511,3011.223,-1289.349,3.055,3026.575,-1229.664,2.89
109947,39796,654.042,3011.223,-1289.349,3.055,3111.021,-1254.417,4.2
70084,69854,48.802,3002.554,-1327.765,3.126,3014.495,-1330.268,3.126
23414,40202,351.997,2621.128,-1181.766,1.188,2689.83,-1236.756,1.9
23414,39593,703.892,2621.128,-1181.766,1.188,2731.1,-1044.371,2.45
40202,14299,960.004,2689.83,-1236.756,1.9,2799.802,-1099.361,2.66
63233,39581,703.948,2790.032,-1262.813,2.022,2868.505,-1154.351,2.5
39930,40680,352.003,2662.397,-989.381,2.53,2593.694,-934.39,2.924
39930,76855,290.15,2662.397,-989.381,2.53,2698.4,-926.409,2.458
39930,39593,352.0,2662.397,-989.381,2.53,2731.1,-1044.371,2.45
38579,39593,243.998,2778.723,-1082.489,2.62,2731.1,-1044.371,2.45
38579,14299,107.999,2778.723,-1082.489,2.62,2799.802,-1099.361,2.66
38579,77004,262.329,2778.723,-1082.489,2.62,2814.699,-1027.655,1.85
14299,39581,352.0,2799.802,-1099.361,2.66,2868.505,-1154.351,2.5
77004,72834,266.665,2814.699,-1027.655,1.85,2868.656,-1066.809,1.724
77004,76973,222.581,2814.699,-1027.655,1.85,2804.863,-972.886,1.965
39584,39581,351.998,2943.707,-1200.052,2.316,2868.505,-1154.351,2.5
39584,82397,238.358,2943.707,-1200.052,2.316,2956.335,-1141.816,1.477
39584,39595,351.999,2943.707,-1200.052,2.316,3026.575,-1229.664,2.89
39581,60729,157.959,2868.505,-1154.351,2.5,2893.182,-1123.521,1.899
39595,84095,255.263,3026.575,-1229.664,2.89,3042.425,-1167.848,3.106
39595,39796,351.996,3026.575,-1229.664,2.89,3111.021,-1254.417,4.2
84095,82397,359.759,3042.425,-1167.848,3.106,2956.335,-1141.816,1.477
84095,82487,537.071,3042.425,-1167.848,3.106,3081.372,-1039.353,3.083
84095,76831,359.753,3042.425,-1167.848,3.106,3128.514,-1193.878,4.736
82397,60729,262.998,2956.335,-1141.816,1.477,2893.182,-1123.521,1.899
82397,84118,511.464,2956.335,-1141.816,1.477,2993.288,-1019.406,2.126
60729,81129,126.124,2893.182,-1123.521,1.899,2912.885,-1098.904,1.623
81129,72834,218.588,2912.885,-1098.904,1.623,2868.656,-1066.809,1.724
81129,39590,420.724,2912.885,-1098.904,1.623,2968.375,-1009.962,2.102
72834,59593,531.418,2868.656,-1066.809,1.724,2922.688,-945.439,2.908
39885,82487,115.73,3052.804,-1034.775,2.361,3081.372,-1039.353,3.083
39885,84118,245.873,3052.804,-1034.775,2.361,2993.288,-1019.406,2.126
39885,94455,479.999,3052.804,-1034.775,2.361,3073.843,-916.634,2.727
84118,39590,106.572,2993.288,-1019.406,2.126,2968.375,-1009.962,2.102
76831,39796,252.063,3128.514,-1193.878,4.736,3111.021,-1254.417,4.2
76831,40058,496.756,3128.514,-1193.878,4.736,3140.134,-1045.612,4.457
76831,110294,505.11,3128.514,-1193.878,4.736,3250.907,-1162.802,10.419
110294,40058,645.036,3250.907,-1162.802,10.419,3140.134,-1045.612,4.457
110294,105925,927.532,3250.907,-1162.802,10.419,3271.38,-912.442,4.674
82487,40058,236.378,3081.372,-1039.353,3.083,3140.134,-1045.612,4.457
40058,92034,465.046,3140.134,-1045.612,4.457,3145.138,-929.449,4.193
40058,105925,747.902,3140.134,-1045.612,4.457,3271.38,-912.442,4.674
72228,65651,368.662,2433.875,-938.357,1.685,2464.53,-861.407,2.348
81087,81763,2558.892,2468.919,-756.774,2.781,3029.669,-471.712,0.262
81087,65651,472.422,2468.919,-756.774,2.781,2464.53,-861.407,2.348
81087,72127,1479.419,2468.919,-756.774,2.781,2283.286,-458.365,1.999
65651,40680,658.404,2464.53,-861.407,2.348,2593.694,-934.39,2.924
40680,92452,479.999,2593.694,-934.39,2.924,2668.681,-840.705,1.324
76973,78814,336.271,2804.863,-972.886,1.965,2846.924,-900.097,2.1
76973,76855,536.21,2804.863,-972.886,1.965,2698.4,-926.409,2.458
82398,78814,338.331,2786.863,-840.541,1.8,2846.924,-900.097,2.1
82398,76855,694.94,2786.863,-840.541,1.8,2698.4,-926.409,2.458
82398,80260,636.882,2786.863,-840.541,1.8,2890.682,-837.748,2.55
78814,59593,353.182,2846.924,-900.097,2.1,2922.688,-945.439,2.908
78814,80260,304.688,2846.924,-900.097,2.1,2890.682,-837.748,2.55
59593,39862,285.411,2922.688,-945.439,2.908,2991.03,-924.931,1.999
39862,65854,95.943,2991.03,-924.931,1.999,2993.404,-901.063,2.335
39862,39590,351.989,2991.03,-924.931,1.999,2968.375,-1009.962,2.102
94455,65854,327.729,3073.843,-916.634,2.727,2993.404,-901.063,2.335
94455,92034,289.75,3073.843,-916.634,2.727,3145.138,-929.449,4.193
94455,81310,506.626,3073.843,-916.634,2.727,3082.506,-790.274,3.168
80260,80652,419.954,2890.682,-837.748,2.55,2994.418,-853.914,3.608
65854,80652,188.64,2993.404,-901.063,2.335,2994.418,-853.914,3.608
80652,29743,227.716,2994.418,-853.914,3.608,2994.762,-796.986,3.499
29743,81310,352.001,2994.762,-796.986,3.499,3082.506,-790.274,3.168
29743,72307,527.042,2994.762,-796.986,3.499,3028.665,-663.118,1.012
72307,81763,694.289,3028.665,-663.118,1.012,3029.669,-471.712,0.262
72307,84505,514.908,3028.665,-663.118,1.012,3117.979,-755.826,2.96
72127,72916,100.0,2283.286,-458.365,1.999,2268.732,-478.692,1.999
72127,60160,4974.458,2283.286,-458.365,1.999,2487.235,638.698,3.303
81763,74416,1952.177,3029.669,-471.712,0.262,3001.128,-12.83,4.991
81763,101732,1180.173,3029.669,-471.712,0.262,3202.323,-673.915,0.925
74416,55361,272.696,3001.128,-12.83,4.991,3038.966,52.422,5.775
92034,87410,238.909,3145.138,-929.449,4.193,3147.708,-869.777,4.5
105925,86525,523.753,3271.38,-912.442,4.674,3246.986,-776.842,1.68
105925,87410,523.296,3271.38,-912.442,4.674,3147.708,-869.777,4.5
87410,81310,477.484,3147.708,-869.777,4.5,3082.506,-790.274,3.168
87410,86525,543.954,3147.708,-869.777,4.5,3246.986,-776.842,1.68
81310,84505,197.788,3082.506,-790.274,3.168,3117.979,-755.826,2.96
81310,86525,660.11,3082.506,-790.274,3.168,3246.986,-776.842,1.68
86525,101732,449.726,3246.986,-776.842,1.68,3202.323,-673.915,0.925
84505,101732,470.232,3117.979,-755.826,2.96,3202.323,-673.915,0.925
75305,56353,577.854,4247.866,-3935.533,3.969,4266.049,-3773.065,4.839
56353,50320,3025.259,4266.049,-3773.065,4.839,4932.614,-3956.913,0.931
50320,32849,2898.062,4932.614,-3956.913,0.931,5105.556,-3263.716,0.4
32849,88331,4541.663,5105.556,-3263.716,0.4,4412.168,-2581.584,7.274
32849,28467,3645.519,5105.556,-3263.716,0.4,5836.038,-2768.168,1.75
44692,45165,351.741,5597.356,-4107.714,7.4,5562.054,-4027.176,9.591
44692,45524,703.998,5597.356,-4107.714,7.4,5707.407,-4063.715,13.625
45165,45392,454.922,5562.054,-4027.176,9.591,5675.553,-4020.025,18.325
45339,45524,134.641,5727.752,-4090.531,12.647,5707.407,-4063.715,13.625
45524,45392,216.277,5707.407,-4063.715,13.625,5675.553,-4020.025,18.325
45392,71344,600.916,5675.553,-4020.025,18.325,5825.101,-4015.542,20.364
88331,52548,501.83,4412.168,-2581.584,7.274,4468.311,-2468.779,11.29
52548,76832,535.501,4468.311,-2468.779,11.29,4629.784,-2510.737,6.878
28467,73866,3652.891,5836.038,-2768.168,1.75,5918.69,-1882.452,12.042
73866,74592,2842.143,5918.69,-1882.452,12.042,5686.76,-1260.829,2.629
73866,52485,457.433,5918.69,-1882.452,12.042,5991.509,-1814.21,10.475
51125,52485,99.998,5993.034,-1839.163,10.475,5991.509,-1814.21,10.475
74592,53981,99.999,5686.76,-1260.829,2.629,5711.475,-1257.066,2.629
44027,87517,351.716,-6251.939,3669.148,3.957,-6323.629,3618.236,1.337
44027,104236,352.0,-6251.939,3669.148,3.957,-6206.029,3594.073,4.549
44027,43603,704.002,-6251.939,3669.148,3.957,-6111.066,3773.187,6.053
55711,47926,164.962,-6165.636,3810.392,5.827,-6198.699,3835.042,5.671
55711,55710,48.801,-6165.636,3810.392,5.827,-6158.654,3820.397,5.827
55711,43603,264.185,-6165.636,3810.392,5.827,-6111.066,3773.187,6.053
43603,43595,352.003,-6111.066,3773.187,6.053,-6039.208,3722.388,5.631
43603,64874,703.998,-6111.066,3773.187,6.053,-5967.24,3818.412,5.75
64614,64539,193.541,-6476.611,4080.124,2.2,-6460.983,4034.332,2.2
64539,112852,84.002,-6460.983,4034.332,2.2,-6441.108,4041.115,2.2
64539,56006,1132.794,-6460.983,4034.332,2.2,-6241.688,3889.119,5.364
47926,56006,276.33,-6198.699,3835.042,5.671,-6241.688,3889.119,5.364
47926,65044,48.802,-6198.699,3835.042,5.671,-6190.762,3844.308,5.671
56079,108846,351.942,-6054.875,3333.275,2.25,-6053.806,3245.296,1.6
56079,44120,351.98,-6054.875,3333.275,2.25,-6049.688,3421.117,3.84
56079,79287,704.0,-6054.875,3333.275,2.25,-5924.161,3339.031,6.503
79287,89079,350.801,-5924.161,3339.031,6.503,-5929.121,3251.471,2.35
79287,44324,352.002,-5924.161,3339.031,6.503,-5885.489,3418.079,13.782
44120,43800,351.876,-6049.688,3421.117,3.84,-6034.835,3507.823,4.799
44324,44145,351.539,-5885.489,3418.079,13.782,-5953.926,3473.216,9.317
44324,44231,702.452,-5885.489,3418.079,13.782,-5868.641,3525.769,12.316
44145,43800,351.998,-5953.926,3473.216,9.317,-6034.835,3507.823,4.799
44145,58689,432.116,-5953.926,3473.216,9.317,-5889.099,3559.632,10.138
43800,43594,704.006,-6034.835,3507.823,4.799,-5968.792,3669.612,5.84
43598,58689,193.836,-5912.171,3602.246,6.469,-5889.099,3559.632,10.138
43598,43594,352.003,-5912.171,3602.246,6.469,-5968.792,3669.612,5.84
43598,65981,451.186,-5912.171,3602.246,6.469,-5828.019,3677.356,3.6
48538,109249,128.323,-5789.275,3563.783,8.185,-5759.471,3575.653,6.84
48538,44231,352.001,-5789.275,3563.783,8.185,-5868.641,3525.769,12.316
48538,65981,479.999,-5789.275,3563.783,8.185,-5828.019,3677.356,3.6
44231,58689,158.252,-5868.641,3525.769,12.316,-5889.099,3559.632,10.138
109249,43943,442.984,-5759.471,3575.653,6.84,-5793.554,3701.606,3.35
43594,43595,351.994,-5968.792,3669.612,5.84,-6039.208,3722.388,5.631
43594,59911,489.454,-5968.792,3669.612,5.84,-5878.647,3751.708,3.586
43595,64874,480.0,-6039.208,3722.388,5.631,-5967.24,3818.412,5.75
64874,59911,443.588,-5967.24,3818.412,5.75,-5878.647,3751.708,3.586
64874,67162,296.005,-5967.24,3818.412,5.75,-5922.858,3877.627,5.498
43943,65981,168.566,-5793.554,3701.606,3.35,-5828.019,3677.356,3.6
43943,43723,351.999,-5793.554,3701.606,3.35,-5833.087,3780.226,3.9
43723,43918,352.0,-5833.087,3780.226,3.9,-5756.122,3822.892,4.749
43723,59911,214.997,-5833.087,3780.226,3.9,-5878.647,3751.708,3.586
67162,106497,352.002,-5922.858,3877.627,5.498,-5993.275,3930.405,4.764
67162,50736,684.52,-5922.858,3877.627,5.498,-5790.7,3867.694,4.916
50736,43918,226.375,-5790.7,3867.694,4.916,-5756.122,3822.892,4.749
65021,56006,2714.076,-5660.235,3872.305,3.424,-6241.688,3889.119,5.364
65021,43918,320.0,-5660.235,3872.305,3.424,-5756.122,3822.892,4.749
65021,66265,1596.625,-5660.235,3872.305,3.424,-5472.007,4202.919,0.715
50078,49288,231.355,-2455.53,740.515,3.065,-2397.841,736.354,4.409
50078,49635,428.462,-2455.53,740.515,3.065,-2555.885,687.581,1.58
49635,54573,75.999,-2555.885,687.581,1.58,-2536.909,688.529,1.58
49288,49468,2182.237,-2397.841,736.354,4.409,-2442.118,1305.511,6.636
49288,63245,592.462,-2397.841,736.354,4.409,-2253.54,708.877,4.946
60606,63245,409.186,-2151.969,696.93,5.585,-2253.54,708.877,4.946
60606,62189,403.676,-2151.969,696.93,5.585,-2130.093,795.229,5.85
60606,38152,400.626,-2151.969,696.93,5.585,-2039.11,670.356,6.313
63245,62251,1245.024,-2253.54,708.877,4.946,-2181.686,1009.76,6.621
38152,58251,353.072,-2039.11,670.356,6.313,-2016.773,755.751,6.341
38152,34169,451.984,-2039.11,670.356,6.313,-1932.4,633.18,6.505
57287,62189,351.999,-2101.127,878.325,5.216,-2130.093,795.229,5.85
57287,65759,352.025,-2101.127,878.325,5.216,-2071.243,961.102,6.41
57287,44528,479.936,-2101.127,878.325,5.216,-1987.822,838.852,7.084
62189,58251,479.999,-2130.093,795.229,5.85,-2016.773,755.751,6.341
58251,33429,480.003,-2016.773,755.751,6.341,-1903.452,716.273,6.45
58251,44528,351.999,-2016.773,755.751,6.341,-1987.822,838.852,7.084
62251,34757,236.377,-2181.686,1009.76,6.621,-2129.788,981.498,6.458
62251,52472,490.582,-2181.686,1009.76,6.621,-2288.852,1119.797,6.878
62251,51607,455.01,-2181.686,1009.76,6.621,-2096.117,1062.954,7.5
65759,34757,247.984,-2071.243,961.102,6.41,-2129.788,981.498,6.458
65759,33909,252.012,-2071.243,961.102,6.41,-2011.747,940.375,6.605
34757,34756,40.803,-2129.788,981.498,6.458,-2133.144,971.865,6.458
8055,42880,795.999,-2833.414,1588.595,4.55,-2683.032,1458.264,4.55
42880,43037,76.001,-2683.032,1458.264,4.55,-2670.588,1472.622,4.55
42880,32714,891.101,-2683.032,1458.264,4.55,-2513.537,1376.93,7.802
52472,49468,1069.541,-2288.852,1119.797,6.878,-2442.118,1305.511,6.636
52472,48564,1284.884,-2288.852,1119.797,6.878,-2002.363,1148.11,6.189
51607,34332,479.999,-2096.117,1062.954,7.5,-1982.797,1023.476,7.095
51607,48564,507.522,-2096.117,1062.954,7.5,-2002.363,1148.11,6.189
49468,32714,403.524,-2442.118,1305.511,6.636,-2513.537,1376.93,7.802
32714,51287,4073.565,-2513.537,1376.93,7.802,-1978.741,2250.167,2.248
34169,48246,351.999,-1932.4,633.18,6.505,-1961.351,550.079,6.151
34169,16500,380.819,-1932.4,633.18,6.505,-1840.847,607.065,6.966
34169,33429,351.964,-1932.4,633.18,6.505,-1903.452,716.273,6.45
16500,26280,380.198,-1840.847,607.065,6.966,-1747.061,591.618,7.982
16500,34194,331.331,-1840.847,607.065,6.966,-1820.351,687.322,5.962
34194,33429,351.999,-1820.351,687.322,5.962,-1903.452,716.273,6.45
34194,33854,352.0,-1820.351,687.322,5.962,-1737.249,658.373,5.369
34194,27023,448.002,-1820.351,687.322,5.962,-1762.449,853.525,5.076
33429,33422,351.997,-1903.452,716.273,6.45,-1874.502,799.374,5.15
33422,44528,479.999,-1874.502,799.374,5.15,-1987.822,838.852,7.084
33422,15661,351.999,-1874.502,799.374,5.15,-1845.551,882.475,5.228
33854,26280,269.889,-1737.249,658.373,5.369,-1747.061,591.618,7.982
33854,36124,438.109,-1737.249,658.373,5.369,-1633.796,622.405,7.06
33854,33425,704.004,-1737.249,658.373,5.369,-1679.348,824.574,5.514
26280,36124,593.076,-1747.061,591.618,7.982,-1633.796,622.405,7.06
36124,50474,113.587,-1633.796,622.405,7.06,-1611.731,640.28,6.758
33625,50474,624.451,-1596.247,795.623,4.977,-1611.731,640.28,6.758
33625,36037,283.992,-1596.247,795.623,4.977,-1529.201,772.266,4.61
33625,33425,351.999,-1596.247,795.623,4.977,-1679.348,824.574,5.514
33625,66538,704.002,-1596.247,795.623,4.977,-1545.203,968.318,5.111
50474,36037,636.384,-1611.731,640.28,6.758,-1529.201,772.266,4.61
44528,55830,352.003,-1987.822,838.852,7.084,-1958.79,921.926,6.562
15661,27023,352.001,-1845.551,882.475,5.228,-1762.449,853.525,5.076
15661,33420,352.002,-1845.551,882.475,5.228,-1816.6,965.577,5.8
15661,55830,703.998,-1845.551,882.475,5.228,-1958.79,921.926,6.562
55830,33909,224.314,-1958.79,921.926,6.562,-2011.747,940.375,6.605
50101,34332,223.975,-1929.92,1005.055,7.2,-1982.797,1023.476,7.095
50101,33420,479.999,-1929.92,1005.055,7.2,-1816.6,965.577,5.8
50101,59653,482.971,-1929.92,1005.055,7.2,-1890.516,1119.187,5.795
33909,34332,351.997,-2011.747,940.375,6.605,-1982.797,1023.476,7.095
33420,16208,351.993,-1816.6,965.577,5.8,-1787.65,1048.677,5.6
33425,27023,351.999,-1679.348,824.574,5.514,-1762.449,853.525,5.076
33425,34040,959.998,-1679.348,824.574,5.514,-1621.456,990.778,4.611
27023,33654,959.998,-1762.449,853.525,5.076,-1704.548,1019.726,4.3
33654,34040,351.961,-1704.548,1019.726,4.3,-1621.456,990.778,4.611
33654,34874,380.154,-1704.548,1019.726,4.3,-1677.085,1110.71,4.868
33654,16208,352.002,-1704.548,1019.726,4.3,-1787.65,1048.677,5.6
34040,54660,501.001,-1621.456,990.778,4.611,-1582.326,1109.759,5.112
34040,66538,319.996,-1621.456,990.778,4.611,-1545.203,968.318,5.111
36037,33993,67.998,-1529.201,772.266,4.61,-1513.148,766.673,4.495
36037,35722,799.76,-1529.201,772.266,4.61,-1481.93,964.549,6.15
66538,35722,253.541,-1545.203,968.318,5.111,-1481.93,964.549,6.15
35722,57196,1030.164,-1481.93,964.549,6.15,-1288.198,955.652,3.523
57196,50565,832.403,-1288.198,955.652,3.523,-1288.754,1163.749,3.883
57196,49871,3347.381,-1288.198,955.652,3.523,-508.982,1259.129,5.2
49932,49871,1933.674,-252.617,872.971,5.25,-508.982,1259.129,5.2
48564,59653,373.8,-2002.363,1148.11,6.189,-1890.516,1119.187,5.795
59653,49265,481.724,-1890.516,1119.187,5.795,-1775.477,1083.617,5.46
16208,49265,147.999,-1787.65,1048.677,5.6,-1775.477,1083.617,5.46
49265,34874,674.316,-1775.477,1083.617,5.46,-1677.085,1110.71,4.868
54660,34874,462.226,-1582.326,1109.759,5.112,-1677.085,1110.71,4.868
54660,50565,1153.596,-1582.326,1109.759,5.112,-1288.754,1163.749,3.883
50565,34825,307.767,-1288.754,1163.749,3.883,-1212.194,1171.405,4.0
34825,56865,607.885,-1212.194,1171.405,4.0,-1060.977,1186.526,4.0
56865,33582,336.912,-1060.977,1186.526,4.0,-972.03,1197.131,4.271
56701,59076,135.168,-1315.464,1802.861,3.14,-1312.109,1836.486,2.557
56701,67445,75.999,-1315.464,1802.861,3.14,-1299.131,1793.154,3.14
59076,51287,3245.667,-1312.109,1836.486,2.557,-1978.741,2250.167,2.248
59076,30025,5034.754,-1312.109,1836.486,2.557,-1227.341,3044.081,1.937
63088,33582,312.872,-1008.759,1280.258,2.983,-972.03,1197.131,4.271
63088,61014,3967.255,-1008.759,1280.258,2.983,-312.064,1943.379,5.3
49871,49881,3169.255,-508.982,1259.129,5.2,117.4,1733.975,5.9
61014,60316,75.997,-312.064,1943.379,5.3,-319.78,1960.741,5.3
61014,53274,1177.632,-312.064,1943.379,5.3,-44.75,1896.15,4.708
53274,59940,2234.016,-44.75,1896.15,4.708,382.411,2232.072,5.568
53274,49881,900.329,-44.75,1896.15,4.708,117.4,1733.975,5.9
65867,92206,79.997,-2117.601,2412.639,3.15,-2136.078,2404.986,3.15
65867,51288,848.75,-2117.601,2412.639,3.15,-1935.149,2315.407,2.0
65867,89402,1284.634,-2117.601,2412.639,3.15,-2134.571,2650.548,0.664
89402,40822,99.999,-2134.571,2650.548,0.664,-2116.31,2633.474,0.664
51287,51288,313.854,-1978.741,2250.167,2.248,-1935.149,2315.407,2.0
51288,65271,3057.467,-1935.149,2315.407,2.0,-1666.306,2959.02,1.432
65271,62505,649.163,-1666.306,2959.02,1.432,-1692.922,3137.699,1.8
65271,30025,1720.701,-1666.306,2959.02,1.432,-1227.341,3044.081,1.937
30025,65046,2336.017,-1227.341,3044.081,1.937,-637.384,3133.76,2.179
48045,59392,83.998,-410.175,3065.588,2.467,-393.36,3078.167,2.467
59392,63054,3215.197,-393.36,3078.167,2.467,245.995,2900.265,5.821
59392,65046,1165.299,-393.36,3078.167,2.467,-637.384,3133.76,2.179
62505,54915,785.034,-1692.922,3137.699,1.8,-1647.416,3151.896,1.767
65046,48563,712.036,-637.384,3133.76,2.179,-560.101,3294.118,2.45
48563,48563,1078.863,-560.101,3294.118,2.45,-560.101,3294.118,2.45
111043,62608,171.968,-5572.986,4244.411,1.146,-5560.633,4203.232,1.4
111043,116544,76.005,-5572.986,4244.411,1.146,-5591.186,4238.951,1.146
111043,50207,775.448,-5572.986,4244.411,1.146,-5439.199,4292.282,0.35
66265,87261,100.002,-5472.007,4202.919,0.715,-5447.458,4198.189,0.715
66265,50207,383.346,-5472.007,4202.919,0.715,-5439.199,4292.282,0.35
50207,101982,640.0,-5439.199,4292.282,0.35,-5374.425,4400.001,0.884
101982,105514,389.597,-5374.425,4400.001,0.884,-5288.257,4354.595,0.058
100201,107686,79.338,-4869.793,4314.284,2.742,-4855.735,4300.292,2.95
100201,108184,569.764,-4869.793,4314.284,2.742,-4970.485,4444.468,2.489
65150,51468,76.0,-4832.731,4909.422,4.712,-4815.615,4917.671,4.712
65150,30514,4805.817,-4832.731,4909.422,4.712,-4379.923,5941.917,3.48
65150,65158,403.614,-4832.731,4909.422,4.712,-4790.361,4818.27,3.836
29556,65158,4006.707,-4096.92,5515.095,5.896,-4790.361,4818.27,3.836
29556,30514,2122.69,-4096.92,5515.095,5.896,-4379.923,5941.917,3.48
29556,62588,329.392,-4096.92,5515.095,5.896,-4063.098,5444.853,5.699
29556,64301,2537.988,-4096.92,5515.095,5.896,-3677.335,5958.215,20.969
30514,58049,354.2,-4379.923,5941.917,3.48,-4407.151,6016.763,3.907
58049,81344,76.003,-4407.151,6016.763,3.907,-4388.294,6019.096,3.907
62588,57471,76.003,-4063.098,5444.853,5.699,-4052.556,5460.661,5.699
37304,64301,195.849,-3670.724,6006.729,17.25,-3677.335,5958.215,20.969
37304,36757,351.786,-3670.724,6006.729,17.25,-3660.456,6094.074,10.292
37304,36871,703.898,-3670.724,6006.729,17.25,-3495.962,5986.107,5.493
37304,36930,1278.948,-3670.724,6006.729,17.25,-3815.27,6278.062,25.767
64301,65393,64.802,-3677.335,5958.215,20.969,-3661.953,5953.131,20.969
36894,36757,351.901,-3573.085,6083.78,4.604,-3660.456,6094.074,10.292
36894,36412,352.0,-3573.085,6083.78,4.604,-3485.687,6073.505,2.1
36894,36129,448.0,-3573.085,6083.78,4.604,-3552.536,6258.576,3.84
36757,36140,704.0,-3660.456,6094.074,10.292,-3639.908,6268.848,5.239
36871,36412,352.0,-3495.962,5986.107,5.493,-3485.687,6073.505,2.1
36871,116989,1007.99,-3495.962,5986.107,5.493,-3321.28,6064.519,2.116
36412,86860,224.318,-3485.687,6073.505,2.1,-3479.139,6129.201,1.996
86860,66167,352.001,-3479.139,6129.201,1.996,-3391.75,6118.847,2.989
86860,36127,479.666,-3479.139,6129.201,1.996,-3465.137,6248.301,1.72
66167,116989,355.923,-3391.75,6118.847,2.989,-3321.28,6064.519,2.116
66167,32454,479.999,-3391.75,6118.847,2.989,-3377.739,6238.026,1.349
116989,36138,695.26,-3321.28,6064.519,2.116,-3290.342,6227.751,1.2
46215,55467,351.997,-755.028,5142.909,3.3,-731.898,5058.004,1.851
46215,46639,436.893,-755.028,5142.909,3.3,-858.956,5176.505,3.0
46215,46663,92.681,-755.028,5142.909,3.3,-755.866,5166.064,3.182
50113,46913,4578.309,-1869.843,5886.179,1.85,-915.144,5533.691,11.599
50113,50124,3641.447,-1869.843,5886.179,1.85,-2560.755,6377.01,0.6
46206,46757,216.522,-874.927,5271.49,2.527,-827.037,5296.722,2.686
46206,46639,703.998,-874.927,5271.49,2.527,-858.956,5176.505,3.0
46206,46343,703.998,-874.927,5271.49,2.527,-879.261,5404.533,4.044
46639,46663,414.47,-858.956,5176.505,3.0,-755.866,5166.064,3.182
46639,46757,497.529,-858.956,5176.505,3.0,-827.037,5296.722,2.686
46207,46784,512.921,-797.073,5312.51,2.75,-856.984,5425.884,4.118
46207,46757,135.476,-797.073,5312.51,2.75,-827.037,5296.722,2.686
46207,46210,352.001,-797.073,5312.51,2.75,-718.165,5351.466,2.292
46207,46663,703.996,-797.073,5312.51,2.75,-755.866,5166.064,3.182
46210,48188,96.395,-718.165,5351.466,2.292,-728.731,5373.125,2.318
46210,46517,351.992,-718.165,5351.466,2.292,-631.458,5366.484,2.274
46517,47052,352.003,-631.458,5366.484,2.274,-544.25,5354.698,2.678
46517,47968,181.778,-631.458,5366.484,2.274,-629.447,5321.084,1.838
47968,47951,425.475,-629.447,5321.084,1.838,-531.278,5280.131,1.933
47528,47951,60.279,-517.36,5274.353,1.938,-531.278,5280.131,1.933
47951,47052,302.748,-531.278,5280.131,1.933,-544.25,5354.698,2.678
47951,38190,1325.446,-531.278,5280.131,1.933,-456.535,5389.139,0.65
47052,38190,376.937,-544.25,5354.698,2.678,-456.535,5389.139,0.65
47052,48161,704.004,-544.25,5354.698,2.678,-522.232,5473.576,1.072
46343,46784,123.426,-879.261,5404.533,4.044,-856.984,5425.884,4.118
46343,46913,704.002,-879.261,5404.533,4.044,-915.144,5533.691,11.599
46784,46452,228.553,-856.984,5425.884,4.118,-814.635,5464.242,4.362
46452,46223,351.997,-814.635,5464.242,4.362,-745.925,5519.222,2.996
46452,67794,420.948,-814.635,5464.242,4.362,-879.311,5547.259,10.945
46452,48188,515.442,-814.635,5464.242,4.362,-728.731,5373.125,2.318
46913,67794,153.263,-915.144,5533.691,11.599,-879.311,5547.259,10.945
67794,67594,408.28,-879.311,5547.259,10.945,-786.652,5590.439,3.969
48138,48188,718.147,-614.223,5511.405,1.831,-728.731,5373.125,2.318
48138,48161,397.862,-614.223,5511.405,1.831,-522.232,5473.576,1.072
48138,47695,351.996,-614.223,5511.405,1.831,-676.63,5573.447,2.133
46223,47695,351.958,-745.925,5519.222,2.996,-676.63,5573.447,2.133
46223,67594,328.16,-745.925,5519.222,2.996,-786.652,5590.439,3.969
67594,48115,724.976,-786.652,5590.439,3.969,-611.999,5633.164,2.492
47695,48115,351.984,-676.63,5573.447,2.133,-611.999,5633.164,2.492
47973,48161,356.522,-498.825,5559.578,2.103,-522.232,5473.576,1.072
47973,47969,201.608,-498.825,5559.578,2.103,-451.51,5542.21,0.75
47973,48115,539.974,-498.825,5559.578,2.103,-611.999,5633.164,2.492
38190,47969,812.169,-456.535,5389.139,0.65,-451.51,5542.21,0.75
69457,60121,187.062,-383.585,5588.101,0.211,-412.491,5624.863,0.581
69457,47969,328.78,-383.585,5588.101,0.211,-451.51,5542.21,0.75
60121,60120,40.805,-412.491,5624.863,0.581,-415.264,5634.68,0.581
36930,49358,347.41,-3815.27,6278.062,25.767,-3901.283,6266.016,30.935
36930,36342,351.126,-3815.27,6278.062,25.767,-3727.492,6277.281,11.449
36140,36129,351.895,-3639.908,6268.848,5.239,-3552.536,6258.576,3.84
36140,36342,351.956,-3639.908,6268.848,5.239,-3727.492,6277.281,11.449
36140,100452,294.711,-3639.908,6268.848,5.239,-3630.74,6341.953,4.935
36129,36127,352.004,-3552.536,6258.576,3.84,-3465.137,6248.301,1.72
36129,113333,323.35,-3552.536,6258.576,3.84,-3542.807,6338.826,3.183
36342,55787,272.486,-3727.492,6277.281,11.449,-3728.265,6345.398,11.332
55787,107645,156.539,-3728.265,6345.398,11.332,-3734.036,6384.105,11.762
55787,100452,390.343,-3728.265,6345.398,11.332,-3630.74,6341.953,4.935
100452,117294,374.542,-3630.74,6341.953,4.935,-3631.024,6435.588,4.723
100452,113333,351.954,-3630.74,6341.953,4.935,-3542.807,6338.826,3.183
113333,36126,351.998,-3542.807,6338.826,3.183,-3454.863,6335.699,1.8
113333,86628,575.273,-3542.807,6338.826,3.183,-3539.403,6482.604,4.3
36666,103735,351.999,-3753.987,6450.088,14.644,-3834.573,6414.735,28.007
36666,107645,275.733,-3753.987,6450.088,14.644,-3734.036,6384.105,11.762
36666,105890,351.744,-3753.987,6450.088,14.644,-3789.099,6530.71,17.474
107645,117294,460.643,-3734.036,6384.105,11.762,-3631.024,6435.588,4.723
117294,86628,411.96,-3631.024,6435.588,4.723,-3539.403,6482.604,4.3
36127,32454,352.0,-3465.137,6248.301,1.72,-3377.739,6238.026,1.349
36127,36126,351.999,-3465.137,6248.301,1.72,-3454.863,6335.699,1.8
32454,36138,351.996,-3377.739,6238.026,1.349,-3290.342,6227.751,1.2
36126,36135,351.999,-3454.863,6335.699,1.8,-3448.212,6423.447,1.982
36126,36752,477.126,-3454.863,6335.699,1.8,-3275.331,6329.469,2.727
36752,36138,411.279,-3275.331,6329.469,2.727,-3290.342,6227.751,1.2
36752,36530,312.0,-3275.331,6329.469,2.727,-3272.316,6417.417,1.957
36530,82346,353.592,-3272.316,6417.417,1.957,-3194.204,6458.802,1.745
36530,36135,703.998,-3272.316,6417.417,1.957,-3448.212,6423.447,1.982
86628,36397,351.999,-3539.403,6482.604,4.3,-3456.141,6511.089,3.7
36397,36135,352.0,-3456.141,6511.089,3.7,-3448.212,6423.447,1.982
36397,83479,351.935,-3456.141,6511.089,3.7,-3490.16,6592.23,6.018
82346,78134,351.999,-3194.204,6458.802,1.745,-3216.425,6543.95,2.648
82346,83736,2029.935,-3194.204,6458.802,1.745,-2749.799,6421.021,1.787
62982,105685,344.27,-2784.578,6266.578,3.204,-2767.083,6351.251,1.579
83736,105685,287.516,-2749.799,6421.021,1.787,-2767.083,6351.251,1.579
83736,50124,557.821,-2749.799,6421.021,1.787,-2560.755,6377.01,0.6
60320,60359,2976.174,901.524,792.757,1.802,1450.319,343.36,1.618
60320,50911,1421.53,901.524,792.757,1.802,881.402,1177.343,4.837
56664,60359,904.996,1364.157,134.383,1.361,1450.319,343.36,1.618
60359,55294,194.88,1450.319,343.36,1.618,1481.839,380.51,1.792
58508,55294,76.0,1495.925,367.759,1.792,1481.839,380.51,1.792
55294,33195,40.8,1481.839,380.51,1.792,1474.277,387.355,1.792
55294,51920,4978.388,1481.839,380.51,1.792,2253.089,1026.751,3.404
50911,58001,623.666,881.402,1177.343,4.837,840.374,1315.623,5.999
60546,60167,670.988,554.957,1511.434,5.279,392.237,1557.222,5.479
60546,61024,979.869,554.957,1511.434,5.279,824.056,1435.997,7.968
61024,48721,1003.346,824.056,1435.997,7.968,770.982,1645.147,5.95
61024,58001,539.202,824.056,1435.997,7.968,840.374,1315.623,5.999
58001,46897,76.001,840.374,1315.623,5.999,821.509,1313.361,5.999
49881,59402,352.025,117.4,1733.975,5.9,198.707,1767.654,5.992
48010,57820,715.867,245.163,1684.817,6.25,430.807,1735.543,6.194
48010,59402,380.496,245.163,1684.817,6.25,198.707,1767.654,5.992
48010,60167,868.373,245.163,1684.817,6.25,392.237,1557.222,5.479
59402,57018,687.599,198.707,1767.654,5.992,340.055,1826.197,6.026
55832,116358,351.977,512.854,1713.74,7.077,487.27,1629.547,7.814
55832,57820,339.578,512.854,1713.74,7.077,430.807,1735.543,6.194
55832,38174,352.172,512.854,1713.74,7.077,538.451,1797.98,6.101
55832,38151,119.984,512.854,1713.74,7.077,600.902,1690.343,7.605
38696,57820,351.955,453.403,1820.581,6.5,430.807,1735.543,6.194
38696,55900,351.994,453.403,1820.581,6.5,476.003,1905.628,6.218
38696,38174,351.999,453.403,1820.581,6.5,538.451,1797.98,6.101
38696,57018,319.998,453.403,1820.581,6.5,340.055,1826.197,6.026
57018,59645,630.58,340.055,1826.197,6.026,329.136,1944.884,6.28
59645,55900,608.091,329.136,1944.884,6.28,476.003,1905.628,6.218
59645,56714,803.96,329.136,1944.884,6.28,371.81,2110.291,4.928
55900,37408,351.998,476.003,1905.628,6.218,498.603,1990.676,5.937
38174,37620,352.002,538.451,1797.98,6.101,623.5,1775.38,6.306
38174,16168,447.994,538.451,1797.98,6.101,583.651,1968.076,5.45
37900,37408,351.999,521.204,2075.724,4.836,498.603,1990.676,5.937
37900,56714,613.364,521.204,2075.724,4.836,371.81,2110.291,4.928
37900,37828,351.998,521.204,2075.724,4.836,543.804,2160.772,5.892
37900,37401,959.998,521.204,2075.724,4.836,691.3,2030.524,5.55
37408,38904,351.994,498.603,1990.676,5.937,413.556,2013.276,6.314
37408,16168,351.998,498.603,1990.676,5.937,583.651,1968.076,5.45
29858,39202,480.0,685.951,1667.742,5.85,655.132,1551.767,6.09
29858,48721,351.927,685.951,1667.742,5.85,770.982,1645.147,5.95
29858,38151,352.003,685.951,1667.742,5.85,600.902,1690.343,7.605
38151,37620,351.954,600.902,1690.343,7.605,623.5,1775.38,6.306
37620,37403,351.998,623.5,1775.38,6.306,646.1,1860.428,4.9
37620,56851,959.998,623.5,1775.38,6.306,793.586,1730.188,6.871
48721,56851,351.975,770.982,1645.147,5.95,793.586,1730.188,6.871
37951,56851,351.974,816.189,1815.229,7.248,793.586,1730.188,6.871
37951,38012,351.999,816.189,1815.229,7.248,838.797,1900.275,6.16
37951,37403,703.94,816.189,1815.229,7.248,646.1,1860.428,4.9
37403,37400,351.998,646.1,1860.428,4.9,668.7,1945.476,5.3
16168,37400,352.002,583.651,1968.076,5.45,668.7,1945.476,5.3
37400,37401,351.998,668.7,1945.476,5.3,691.3,2030.524,5.55
37400,38012,448.002,668.7,1945.476,5.3,838.797,1900.275,6.16
37401,37406,352.002,691.3,2030.524,5.55,776.349,2007.924,5.55
37401,17203,351.998,691.3,2030.524,5.55,713.9,2115.572,5.1
38012,37405,352.002,838.797,1900.275,6.16,861.397,1985.324,5.606
37405,37406,351.998,861.397,1985.324,5.606,776.349,2007.924,5.55
37405,58114,479.999,861.397,1985.324,5.606,892.215,2101.299,5.635
37405,37987,351.998,861.397,1985.324,5.606,946.445,1962.724,6.122
37406,58071,479.999,776.349,2007.924,5.55,807.167,2123.899,5.8
37987,38634,351.994,946.445,1962.724,6.122,1031.492,1940.124,6.956
37987,60950,452.042,946.445,1962.724,6.122,975.47,2071.948,6.281
61765,51920,4677.917,2024.361,2067.229,5.553,2253.089,1026.751,3.404
61765,33070,4316.734,2024.361,2067.229,5.553,1066.0,2428.0,5.9
61765,62751,2061.759,2024.361,2067.229,5.553,1996.609,2585.014,6.027
61765,93833,5121.962,2024.361,2067.229,5.553,2764.7,2803.944,3.09
55361,82804,711.503,3038.966,52.422,5.775,3089.752,209.761,1.406
60160,62004,84.001,2487.235,638.698,3.303,2467.961,630.36,3.303
60160,51920,1856.847,2487.235,638.698,3.303,2253.089,1026.751,3.404
51920,96768,289.26,2253.089,1026.751,3.404,2325.08,1019.913,3.965
96768,81350,100.001,2325.08,1019.913,3.965,2325.76,1044.904,3.965
96768,90872,832.473,2325.08,1019.913,3.965,2535.155,939.441,3.526
90872,64406,2440.006,2535.155,939.441,3.526,3117.323,1050.162,4.857
90872,82804,3588.128,2535.155,939.441,3.526,3089.752,209.761,1.406
82804,50482,1941.905,3089.752,209.761,1.406,3232.49,615.26,3.126
50482,64406,1728.121,3232.49,615.26,3.126,3117.323,1050.162,4.857
50482,78631,868.639,3232.49,615.26,3.126,3415.856,735.521,4.276
78631,78517,76.0,3415.856,735.521,4.276,3403.603,750.042,4.276
64406,16886,1147.458,3117.323,1050.162,4.857,3141.029,1340.214,5.45
16886,95153,64.802,3141.029,1340.214,5.45,3156.915,1337.037,5.45
16886,64052,1904.286,3141.029,1340.214,5.45,3173.411,1686.812,14.479
64052,74932,83.998,3173.411,1686.812,14.479,3193.544,1692.782,14.479
64052,94342,5004.399,3173.411,1686.812,14.479,2829.025,2782.932,3.184
56714,41795,402.104,371.81,2110.291,4.928,432.663,2190.306,5.787
37828,37783,351.998,543.804,2160.772,5.892,628.852,2138.172,5.45
37828,51467,529.582,543.804,2160.772,5.892,577.768,2288.737,6.577
37828,41795,459.974,543.804,2160.772,5.892,432.663,2190.306,5.787
41795,59940,261.371,432.663,2190.306,5.787,382.411,2232.072,5.568
41795,51467,818.22,432.663,2190.306,5.787,577.768,2288.737,6.577
59940,50611,233.09,382.411,2232.072,5.568,373.114,2289.598,5.605
50611,61592,3728.772,373.114,2289.598,5.605,1122.395,2702.668,5.385
50611,63054,2445.467,373.114,2289.598,5.605,245.995,2900.265,5.821
37783,58907,781.081,628.852,2138.172,5.45,686.671,2324.686,7.171
37783,41561,263.994,628.852,2138.172,5.45,692.637,2121.223,5.118
58071,59444,352.0,807.167,2123.899,5.8,722.155,2146.636,5.115
58071,58114,351.998,807.167,2123.899,5.8,892.215,2101.299,5.635
58071,58147,479.999,807.167,2123.899,5.8,837.985,2239.874,5.3
59444,58333,151.618,722.155,2146.636,5.115,731.89,2183.269,5.166
59444,17203,128.569,722.155,2146.636,5.115,713.9,2115.572,5.1
17203,41561,88.004,713.9,2115.572,5.1,692.637,2121.223,5.118
41561,41564,48.801,692.637,2121.223,5.118,695.77,2133.014,5.118
51467,58907,408.064,577.768,2288.737,6.577,686.671,2324.686,7.171
58333,58332,48.804,731.89,2183.269,5.166,720.098,2186.402,5.166
58114,60950,353.109,892.215,2101.299,5.635,975.47,2071.948,6.281
58114,60860,480.0,892.215,2101.299,5.635,923.034,2217.274,5.448
60950,57641,981.58,975.47,2071.948,6.281,981.07,2321.354,5.775
58907,57641,1198.285,686.671,2324.686,7.171,981.07,2321.354,5.775
57437,57641,150.253,994.354,2356.49,6.244,981.07,2321.354,5.775
57437,56710,75.998,994.354,2356.49,6.244,1011.848,2349.078,6.244
57437,33070,392.39,994.354,2356.49,6.244,1066.0,2428.0,5.9
63054,33098,4394.858,245.995,2900.265,5.821,1198.931,3135.366,5.05
33070,61592,1061.115,1066.0,2428.0,5.9,1122.395,2702.668,5.385
62751,61662,1795.777,1996.609,2585.014,6.027,1810.779,2955.011,5.952
62751,24678,3221.856,1996.609,2585.014,6.027,2182.558,3334.574,6.548
61592,33098,1705.942,1122.395,2702.668,5.385,1198.931,3135.366,5.05
61592,55463,2748.832,1122.395,2702.668,5.385,1727.323,2962.151,6.099
55463,61662,335.043,1727.323,2962.151,6.099,1810.779,2955.011,5.952
55463,38519,84.002,1727.323,2962.151,6.099,1725.533,2941.227,6.099
61662,24678,2350.105,1810.779,2955.011,5.952,2182.558,3334.574,6.548
65346,40394,68.21,1033.328,3896.473,2.924,1017.025,3891.473,2.899
65346,61705,1660.067,1033.328,3896.473,2.924,1225.318,3751.061,4.907
33098,61705,2730.076,1198.931,3135.366,5.05,1225.318,3751.061,4.907
61705,40412,76.001,1225.318,3751.061,4.907,1240.02,3739.025,4.907
94342,93833,270.679,2829.025,2782.932,3.184,2764.7,2803.944,3.09
94342,95535,99.999,2829.025,2782.932,3.184,2838.702,2805.983,3.184
93833,57917,1757.678,2764.7,2803.944,3.09,2632.005,3258.867,5.244
24678,63525,1169.328,2182.558,3334.574,6.548,2270.841,3606.762,4.147
63525,57293,239.932,2270.841,3606.762,4.147,2228.879,3649.624,3.873
63525,57917,1867.044,2270.841,3606.762,4.147,2632.005,3258.867,5.244
57917,50610,7930.3,2632.005,3258.867,5.244,3701.598,4586.021,5.699
57293,41171,75.997,2228.879,3649.624,3.873,2243.339,3661.948,3.873
57293,41922,40.802,2228.879,3649.624,3.873,2221.116,3643.007,3.873
50610,46006,2435.347,3701.598,4586.021,5.699,4282.375,4825.055,6.35
45709,46006,351.925,4363.678,4858.678,5.605,4282.375,4825.055,6.35
45709,58614,275.466,4363.678,4858.678,5.605,4390.144,4795.1,5.436
45709,38836,262.525,4363.678,4858.678,5.605,4422.057,4888.667,4.208
46006,73214,351.998,4282.375,4825.055,6.35,4244.486,4904.48,5.45
46175,55000,351.996,4507.225,4719.642,2.739,4423.323,4693.104,3.65
46175,48773,480.0,4507.225,4719.642,2.739,4453.449,4826.918,5.254
46175,45847,351.998,4507.225,4719.642,2.739,4583.411,4763.683,3.25
55000,43342,351.932,4423.323,4693.104,3.65,4441.985,4607.123,1.8
55000,58614,704.942,4423.323,4693.104,3.65,4390.144,4795.1,5.436
45847,46151,351.914,4583.411,4763.683,3.25,4617.521,4682.586,2.326
45847,37775,703.79,4583.411,4763.683,3.25,4536.071,4868.401,4.298
58614,48773,283.405,4390.144,4795.1,5.436,4453.449,4826.918,5.254
48773,38836,277.082,4453.449,4826.918,5.254,4422.057,4888.667,4.208
48773,37775,369.805,4453.449,4826.918,5.254,4536.071,4868.401,4.298
37775,45555,243.681,4536.071,4868.401,4.298,4524.707,4928.252,3.011
45555,38836,703.998,4524.707,4928.252,3.011,4422.057,4888.667,4.208
45555,45568,703.998,4524.707,4928.252,3.011,4686.289,4997.698,2.95
45555,45562,704.008,4524.707,4928.252,3.011,4528.754,5102.711,0.814
46151,76877,352.002,4617.521,4682.586,2.326,4702.652,4704.875,2.567
46151,73216,351.982,4617.521,4682.586,2.326,4613.294,4594.692,1.25
45568,49155,352.001,4686.289,4997.698,2.95,4769.489,5026.365,3.756
